id,type,origin,destination,processing_cashflow_per_unit,processing_capacity
mfg_shenzhen_port_yantian,truck,mfg_shenzhen,port_yantian,-1.09,999999999
mfg_shanghai_port_shanghai,truck,mfg_shanghai,port_shanghai,-1.1,999999999
mfg_shanghai_port_ningbo,truck,mfg_shanghai,port_ningbo,-1.24,999999999
mfg_ningbo_port_shanghai,truck,mfg_ningbo,port_shanghai,-1.26,999999999
mfg_ningbo_port_ningbo,truck,mfg_ningbo,port_ningbo,-1.07,999999999
mfg_foshan_port_yantian,truck,mfg_foshan,port_yantian,-1.17,999999999
mfg_ho_chi_minh_city_port_vung_tau,truck,mfg_ho_chi_minh_city,port_vung_tau,-1.07,999999999
mfg_haiphong_port_haiphong,truck,mfg_haiphong,port_haiphong,-1.02,999999999
mfg_nam_dinh_port_haiphong,truck,mfg_nam_dinh,port_haiphong,-1.11,999999999
mfg_cai_lan_port_haiphong,truck,mfg_cai_lan,port_haiphong,-1.04,999999999
mfg_surabaya_port_surabaya,truck,mfg_surabaya,port_surabaya,-1.0,999999999
mfg_surabaya_port_semarang,truck,mfg_surabaya,port_semarang,-1.31,999999999
mfg_jakarta_port_jakarta,truck,mfg_jakarta,port_jakarta,-1.01,999999999
mfg_jakarta_port_semarang,truck,mfg_jakarta,port_semarang,-1.49,999999999
mfg_semarang_port_surabaya,truck,mfg_semarang,port_surabaya,-1.31,999999999
mfg_semarang_port_jakarta,truck,mfg_semarang,port_jakarta,-1.48,999999999
mfg_semarang_port_semarang,truck,mfg_semarang,port_semarang,-1.01,999999999
mfg_sukabumi_port_jakarta,truck,mfg_sukabumi,port_jakarta,-1.11,999999999
mfg_sukabumi_port_semarang,truck,mfg_sukabumi,port_semarang,-1.46,999999999
mfg_laem_chabang_port_laem_chabang,truck,mfg_laem_chabang,port_laem_chabang,-1.04,999999999
mfg_ayutthaya_port_laem_chabang,truck,mfg_ayutthaya,port_laem_chabang,-1.17,999999999
mfg_chonburi_port_laem_chabang,truck,mfg_chonburi,port_laem_chabang,-1.03,999999999
mfg_bangkok_port_laem_chabang,truck,mfg_bangkok,port_laem_chabang,-1.11,999999999
mfg_penang_port_penang,truck,mfg_penang,port_penang,-1.02,999999999
mfg_penang_port_port_klang,truck,mfg_penang,port_port_klang,-1.35,999999999
mfg_port_klang_port_penang,truck,mfg_port_klang,port_penang,-1.35,999999999
mfg_port_klang_port_port_klang,truck,mfg_port_klang,port_port_klang,-1.0,999999999
mfg_port_klang_port_tanjung_pelepas,truck,mfg_port_klang,port_tanjung_pelepas,-1.36,999999999
mfg_tanjung_pelepas_port_port_klang,truck,mfg_tanjung_pelepas,port_port_klang,-1.37,999999999
mfg_tanjung_pelepas_port_tanjung_pelepas,truck,mfg_tanjung_pelepas,port_tanjung_pelepas,-1.0,999999999
mfg_shenzhen_airport_guangzhou,truck,mfg_shenzhen,airport_guangzhou,-1.11,999999999
mfg_shanghai_airport_shanghai,truck,mfg_shanghai,airport_shanghai,-1.15,999999999
mfg_shanghai_airport_ningbo,truck,mfg_shanghai,airport_ningbo,-1.22,999999999
mfg_ningbo_airport_shanghai,truck,mfg_ningbo,airport_shanghai,-1.21,999999999
mfg_ningbo_airport_ningbo,truck,mfg_ningbo,airport_ningbo,-1.03,999999999
mfg_foshan_airport_guangzhou,truck,mfg_foshan,airport_guangzhou,-1.01,999999999
mfg_ho_chi_minh_city_airport_ho_chi_minh_city,truck,mfg_ho_chi_minh_city,airport_ho_chi_minh_city,-1.03,999999999
mfg_haiphong_airport_hanoi,truck,mfg_haiphong,airport_hanoi,-1.11,999999999
mfg_nam_dinh_airport_hanoi,truck,mfg_nam_dinh,airport_hanoi,-1.14,999999999
mfg_cai_lan_airport_hanoi,truck,mfg_cai_lan,airport_hanoi,-1.15,999999999
mfg_jakarta_airport_jakarta,truck,mfg_jakarta,airport_jakarta,-1.02,999999999
mfg_semarang_airport_jakarta,truck,mfg_semarang,airport_jakarta,-1.48,999999999
mfg_sukabumi_airport_jakarta,truck,mfg_sukabumi,airport_jakarta,-1.09,999999999
mfg_laem_chabang_airport_bangkok,truck,mfg_laem_chabang,airport_bangkok,-1.09,999999999
mfg_ayutthaya_airport_bangkok,truck,mfg_ayutthaya,airport_bangkok,-1.06,999999999
mfg_chonburi_airport_bangkok,truck,mfg_chonburi,airport_bangkok,-1.12,999999999
mfg_bangkok_airport_bangkok,truck,mfg_bangkok,airport_bangkok,-1.02,999999999
mfg_penang_airport_penang,truck,mfg_penang,airport_penang,-1.01,999999999
mfg_penang_airport_kuala_lumpur,truck,mfg_penang,airport_kuala_lumpur,-1.4,999999999
mfg_port_klang_airport_penang,truck,mfg_port_klang,airport_penang,-1.34,999999999
mfg_port_klang_airport_kuala_lumpur,truck,mfg_port_klang,airport_kuala_lumpur,-1.05,999999999
mfg_tanjung_pelepas_airport_kuala_lumpur,truck,mfg_tanjung_pelepas,airport_kuala_lumpur,-1.31,999999999
port_vancouver_port_long_beach,ocean,port_vancouver,port_long_beach,-0.63,999999999
port_vancouver_port_los_angeles,ocean,port_vancouver,port_los_angeles,-0.63,999999999
port_vancouver_port_tacoma,ocean,port_vancouver,port_tacoma,-0.17,999999999
port_vancouver_port_houston,ocean,port_vancouver,port_houston,-1.06,999999999
port_vancouver_port_savannah,ocean,port_vancouver,port_savannah,-1.28,999999999
port_vancouver_port_norfolk,ocean,port_vancouver,port_norfolk,-1.29,999999999
port_vancouver_port_charleston,ocean,port_vancouver,port_charleston,-1.29,999999999
port_vancouver_port_new_york,ocean,port_vancouver,port_new_york,-1.27,999999999
port_vancouver_port_new_jersey,ocean,port_vancouver,port_new_jersey,-1.27,999999999
port_yantian_port_long_beach,ocean,port_yantian,port_long_beach,-3.59,999999999
port_yantian_port_los_angeles,ocean,port_yantian,port_los_angeles,-3.59,999999999
port_yantian_port_tacoma,ocean,port_yantian,port_tacoma,-3.22,999999999
port_yantian_port_houston,ocean,port_yantian,port_houston,-4.13,999999999
port_yantian_port_savannah,ocean,port_yantian,port_savannah,-4.21,999999999
port_yantian_port_norfolk,ocean,port_yantian,port_norfolk,-4.09,999999999
port_yantian_port_charleston,ocean,port_yantian,port_charleston,-4.2,999999999
port_yantian_port_new_york,ocean,port_yantian,port_new_york,-3.98,999999999
port_yantian_port_new_jersey,ocean,port_yantian,port_new_jersey,-3.98,999999999
port_shanghai_port_long_beach,ocean,port_shanghai,port_long_beach,-3.23,999999999
port_shanghai_port_los_angeles,ocean,port_shanghai,port_los_angeles,-3.23,999999999
port_shanghai_port_tacoma,ocean,port_shanghai,port_tacoma,-2.86,999999999
port_shanghai_port_houston,ocean,port_shanghai,port_houston,-3.76,999999999
port_shanghai_port_savannah,ocean,port_shanghai,port_savannah,-3.86,999999999
port_shanghai_port_norfolk,ocean,port_shanghai,port_norfolk,-3.75,999999999
port_shanghai_port_charleston,ocean,port_shanghai,port_charleston,-3.85,999999999
port_shanghai_port_new_york,ocean,port_shanghai,port_new_york,-3.65,999999999
port_shanghai_port_new_jersey,ocean,port_shanghai,port_new_jersey,-3.65,999999999
port_ningbo_port_long_beach,ocean,port_ningbo,port_long_beach,-3.26,999999999
port_ningbo_port_los_angeles,ocean,port_ningbo,port_los_angeles,-3.26,999999999
port_ningbo_port_tacoma,ocean,port_ningbo,port_tacoma,-2.89,999999999
port_ningbo_port_houston,ocean,port_ningbo,port_houston,-3.8,999999999
port_ningbo_port_savannah,ocean,port_ningbo,port_savannah,-3.91,999999999
port_ningbo_port_norfolk,ocean,port_ningbo,port_norfolk,-3.8,999999999
port_ningbo_port_charleston,ocean,port_ningbo,port_charleston,-3.9,999999999
port_ningbo_port_new_york,ocean,port_ningbo,port_new_york,-3.7,999999999
port_ningbo_port_new_jersey,ocean,port_ningbo,port_new_jersey,-3.7,999999999
port_vung_tau_port_long_beach,ocean,port_vung_tau,port_long_beach,-4.05,999999999
port_vung_tau_port_los_angeles,ocean,port_vung_tau,port_los_angeles,-4.05,999999999
port_vung_tau_port_tacoma,ocean,port_vung_tau,port_tacoma,-3.69,999999999
port_vung_tau_port_houston,ocean,port_vung_tau,port_houston,-4.59,999999999
port_vung_tau_port_savannah,ocean,port_vung_tau,port_savannah,-4.66,999999999
port_vung_tau_port_norfolk,ocean,port_vung_tau,port_norfolk,-4.52,999999999
port_vung_tau_port_charleston,ocean,port_vung_tau,port_charleston,-4.65,999999999
port_vung_tau_port_new_york,ocean,port_vung_tau,port_new_york,-4.4,999999999
port_vung_tau_port_new_jersey,ocean,port_vung_tau,port_new_jersey,-4.4,999999999
port_haiphong_port_long_beach,ocean,port_haiphong,port_long_beach,-3.79,999999999
port_haiphong_port_los_angeles,ocean,port_haiphong,port_los_angeles,-3.79,999999999
port_haiphong_port_tacoma,ocean,port_haiphong,port_tacoma,-3.4,999999999
port_haiphong_port_houston,ocean,port_haiphong,port_houston,-4.28,999999999
port_haiphong_port_savannah,ocean,port_haiphong,port_savannah,-4.32,999999999
port_haiphong_port_norfolk,ocean,port_haiphong,port_norfolk,-4.17,999999999
port_haiphong_port_charleston,ocean,port_haiphong,port_charleston,-4.3,999999999
port_haiphong_port_new_york,ocean,port_haiphong,port_new_york,-4.05,999999999
port_haiphong_port_new_jersey,ocean,port_haiphong,port_new_jersey,-4.05,999999999
port_surabaya_port_long_beach,ocean,port_surabaya,port_long_beach,-4.31,999999999
port_surabaya_port_los_angeles,ocean,port_surabaya,port_los_angeles,-4.3,999999999
port_surabaya_port_tacoma,ocean,port_surabaya,port_tacoma,-4.05,999999999
port_surabaya_port_houston,ocean,port_surabaya,port_houston,-4.96,999999999
port_surabaya_port_savannah,ocean,port_surabaya,port_savannah,-5.17,999999999
port_surabaya_port_norfolk,ocean,port_surabaya,port_norfolk,-5.07,999999999
port_surabaya_port_charleston,ocean,port_surabaya,port_charleston,-5.16,999999999
port_surabaya_port_new_york,ocean,port_surabaya,port_new_york,-4.97,999999999
port_surabaya_port_new_jersey,ocean,port_surabaya,port_new_jersey,-4.97,999999999
port_jakarta_port_long_beach,ocean,port_jakarta,port_long_beach,-4.44,999999999
port_jakarta_port_los_angeles,ocean,port_jakarta,port_los_angeles,-4.43,999999999
port_jakarta_port_tacoma,ocean,port_jakarta,port_tacoma,-4.14,999999999
port_jakarta_port_houston,ocean,port_jakarta,port_houston,-5.06,999999999
port_jakarta_port_savannah,ocean,port_jakarta,port_savannah,-5.2,999999999
port_jakarta_port_norfolk,ocean,port_jakarta,port_norfolk,-5.07,999999999
port_jakarta_port_charleston,ocean,port_jakarta,port_charleston,-5.19,999999999
port_jakarta_port_new_york,ocean,port_jakarta,port_new_york,-4.95,999999999
port_jakarta_port_new_jersey,ocean,port_jakarta,port_new_jersey,-4.95,999999999
port_semarang_port_long_beach,ocean,port_semarang,port_long_beach,-4.36,999999999
port_semarang_port_los_angeles,ocean,port_semarang,port_los_angeles,-4.36,999999999
port_semarang_port_tacoma,ocean,port_semarang,port_tacoma,-4.09,999999999
port_semarang_port_houston,ocean,port_semarang,port_houston,-5.0,999999999
port_semarang_port_savannah,ocean,port_semarang,port_savannah,-5.19,999999999
port_semarang_port_norfolk,ocean,port_semarang,port_norfolk,-5.08,999999999
port_semarang_port_charleston,ocean,port_semarang,port_charleston,-5.18,999999999
port_semarang_port_new_york,ocean,port_semarang,port_new_york,-4.97,999999999
port_semarang_port_new_jersey,ocean,port_semarang,port_new_jersey,-4.97,999999999
port_laem_chabang_port_long_beach,ocean,port_laem_chabang,port_long_beach,-4.11,999999999
port_laem_chabang_port_los_angeles,ocean,port_laem_chabang,port_los_angeles,-4.11,999999999
port_laem_chabang_port_tacoma,ocean,port_laem_chabang,port_tacoma,-3.71,999999999
port_laem_chabang_port_houston,ocean,port_laem_chabang,port_houston,-4.59,999999999
port_laem_chabang_port_savannah,ocean,port_laem_chabang,port_savannah,-4.59,999999999
port_laem_chabang_port_norfolk,ocean,port_laem_chabang,port_norfolk,-4.43,999999999
port_laem_chabang_port_charleston,ocean,port_laem_chabang,port_charleston,-4.57,999999999
port_laem_chabang_port_new_york,ocean,port_laem_chabang,port_new_york,-4.3,999999999
port_laem_chabang_port_new_jersey,ocean,port_laem_chabang,port_new_jersey,-4.3,999999999
port_penang_port_long_beach,ocean,port_penang,port_long_beach,-4.32,999999999
port_penang_port_los_angeles,ocean,port_penang,port_los_angeles,-4.32,999999999
port_penang_port_tacoma,ocean,port_penang,port_tacoma,-3.94,999999999
port_penang_port_houston,ocean,port_penang,port_houston,-4.84,999999999
port_penang_port_savannah,ocean,port_penang,port_savannah,-4.85,999999999
port_penang_port_norfolk,ocean,port_penang,port_norfolk,-4.69,999999999
port_penang_port_charleston,ocean,port_penang,port_charleston,-4.83,999999999
port_penang_port_new_york,ocean,port_penang,port_new_york,-4.55,999999999
port_penang_port_new_jersey,ocean,port_penang,port_new_jersey,-4.56,999999999
port_port_klang_port_long_beach,ocean,port_port_klang,port_long_beach,-4.36,999999999
port_port_klang_port_los_angeles,ocean,port_port_klang,port_los_angeles,-4.36,999999999
port_port_klang_port_tacoma,ocean,port_port_klang,port_tacoma,-4.0,999999999
port_port_klang_port_houston,ocean,port_port_klang,port_houston,-4.9,999999999
port_port_klang_port_savannah,ocean,port_port_klang,port_savannah,-4.93,999999999
port_port_klang_port_norfolk,ocean,port_port_klang,port_norfolk,-4.77,999999999
port_port_klang_port_charleston,ocean,port_port_klang,port_charleston,-4.91,999999999
port_port_klang_port_new_york,ocean,port_port_klang,port_new_york,-4.64,999999999
port_port_klang_port_new_jersey,ocean,port_port_klang,port_new_jersey,-4.64,999999999
port_tanjung_pelepas_port_long_beach,ocean,port_tanjung_pelepas,port_long_beach,-4.35,999999999
port_tanjung_pelepas_port_los_angeles,ocean,port_tanjung_pelepas,port_los_angeles,-4.35,999999999
port_tanjung_pelepas_port_tacoma,ocean,port_tanjung_pelepas,port_tacoma,-4.0,999999999
port_tanjung_pelepas_port_houston,ocean,port_tanjung_pelepas,port_houston,-4.91,999999999
port_tanjung_pelepas_port_savannah,ocean,port_tanjung_pelepas,port_savannah,-4.98,999999999
port_tanjung_pelepas_port_norfolk,ocean,port_tanjung_pelepas,port_norfolk,-4.83,999999999
port_tanjung_pelepas_port_charleston,ocean,port_tanjung_pelepas,port_charleston,-4.96,999999999
port_tanjung_pelepas_port_new_york,ocean,port_tanjung_pelepas,port_new_york,-4.7,999999999
port_tanjung_pelepas_port_new_jersey,ocean,port_tanjung_pelepas,port_new_jersey,-4.7,999999999
airport_guangzhou_airport_los_angeles,air,airport_guangzhou,airport_los_angeles,-57.98,999999999
airport_guangzhou_airport_atlanta,air,airport_guangzhou,airport_atlanta,-66.49,999999999
airport_guangzhou_airport_chicago,air,airport_guangzhou,airport_chicago,-61.8,999999999
airport_guangzhou_airport_new_york,air,airport_guangzhou,airport_new_york,-63.86,999999999
airport_guangzhou_airport_miami,air,airport_guangzhou,airport_miami,-71.05,999999999
airport_shanghai_airport_los_angeles,air,airport_shanghai,airport_los_angeles,-52.0,999999999
airport_shanghai_airport_atlanta,air,airport_shanghai,airport_atlanta,-61.06,999999999
airport_shanghai_airport_chicago,air,airport_shanghai,airport_chicago,-56.4,999999999
airport_shanghai_airport_new_york,air,airport_shanghai,airport_new_york,-59.01,999999999
airport_shanghai_airport_miami,air,airport_shanghai,airport_miami,-65.65,999999999
airport_ningbo_airport_los_angeles,air,airport_ningbo,airport_los_angeles,-52.59,999999999
airport_ningbo_airport_atlanta,air,airport_ningbo,airport_atlanta,-61.76,999999999
airport_ningbo_airport_chicago,air,airport_ningbo,airport_chicago,-57.1,999999999
airport_ningbo_airport_new_york,air,airport_ningbo,airport_new_york,-59.71,999999999
airport_ningbo_airport_miami,air,airport_ningbo,airport_miami,-66.35,999999999
airport_ho_chi_minh_city_airport_los_angeles,air,airport_ho_chi_minh_city,airport_los_angeles,-65.02,999999999
airport_ho_chi_minh_city_airport_atlanta,air,airport_ho_chi_minh_city,airport_atlanta,-73.68,999999999
airport_ho_chi_minh_city_airport_chicago,air,airport_ho_chi_minh_city,airport_chicago,-68.99,999999999
airport_ho_chi_minh_city_airport_new_york,air,airport_ho_chi_minh_city,airport_new_york,-70.61,999999999
airport_ho_chi_minh_city_airport_miami,air,airport_ho_chi_minh_city,airport_miami,-78.18,999999999
airport_hanoi_airport_los_angeles,air,airport_hanoi,airport_los_angeles,-61.04,999999999
airport_hanoi_airport_atlanta,air,airport_hanoi,airport_atlanta,-68.32,999999999
airport_hanoi_airport_chicago,air,airport_hanoi,airport_chicago,-63.65,999999999
airport_hanoi_airport_new_york,air,airport_hanoi,airport_new_york,-65.05,999999999
airport_hanoi_airport_miami,air,airport_hanoi,airport_miami,-72.76,999999999
airport_jakarta_airport_los_angeles,air,airport_jakarta,airport_los_angeles,-71.32,999999999
airport_jakarta_airport_atlanta,air,airport_jakarta,airport_atlanta,-82.42,999999999
airport_jakarta_airport_chicago,air,airport_jakarta,airport_chicago,-77.76,999999999
airport_jakarta_airport_new_york,air,airport_jakarta,airport_new_york,-79.73,999999999
airport_jakarta_airport_miami,air,airport_jakarta,airport_miami,-87.01,999999999
airport_bangkok_airport_los_angeles,air,airport_bangkok,airport_los_angeles,-65.75,999999999
airport_bangkok_airport_atlanta,air,airport_bangkok,airport_atlanta,-72.57,999999999
airport_bangkok_airport_chicago,air,airport_bangkok,airport_chicago,-67.95,999999999
airport_bangkok_airport_new_york,air,airport_bangkok,airport_new_york,-68.84,999999999
airport_bangkok_airport_miami,air,airport_bangkok,airport_miami,-76.87,999999999
airport_penang_airport_los_angeles,air,airport_penang,airport_los_angeles,-69.46,999999999
airport_penang_airport_atlanta,air,airport_penang,airport_atlanta,-77.15,999999999
airport_penang_airport_chicago,air,airport_penang,airport_chicago,-72.52,999999999
airport_penang_airport_new_york,air,airport_penang,airport_new_york,-73.39,999999999
airport_penang_airport_miami,air,airport_penang,airport_miami,-81.46,999999999
airport_kuala_lumpur_airport_los_angeles,air,airport_kuala_lumpur,airport_los_angeles,-69.99,999999999
airport_kuala_lumpur_airport_atlanta,air,airport_kuala_lumpur,airport_atlanta,-78.41,999999999
airport_kuala_lumpur_airport_chicago,air,airport_kuala_lumpur,airport_chicago,-73.75,999999999
airport_kuala_lumpur_airport_new_york,air,airport_kuala_lumpur,airport_new_york,-74.82,999999999
airport_kuala_lumpur_airport_miami,air,airport_kuala_lumpur,airport_miami,-82.79,999999999
port_long_beach_dc_san_bernandino,truck,port_long_beach,dc_san_bernandino,-1.12,999999999
port_long_beach_dc_portland,truck,port_long_beach,dc_portland,-2.63,999999999
port_long_beach_dc_boise,truck,port_long_beach,dc_boise,-2.33,999999999
port_long_beach_dc_albuquerque,truck,port_long_beach,dc_albuquerque,-2.29,999999999
port_long_beach_dc_seattle,truck,port_long_beach,dc_seattle,-2.89,999999999
port_long_beach_dc_phoenix,truck,port_long_beach,dc_phoenix,-1.68,999999999
port_long_beach_dc_denver,truck,port_long_beach,dc_denver,-2.62,999999999
port_long_beach_dc_las_vegas,truck,port_long_beach,dc_las_vegas,-1.47,999999999
port_los_angeles_dc_san_bernandino,truck,port_los_angeles,dc_san_bernandino,-1.13,999999999
port_los_angeles_dc_portland,truck,port_los_angeles,dc_portland,-2.64,999999999
port_los_angeles_dc_boise,truck,port_los_angeles,dc_boise,-2.34,999999999
port_los_angeles_dc_albuquerque,truck,port_los_angeles,dc_albuquerque,-2.3,999999999
port_los_angeles_dc_seattle,truck,port_los_angeles,dc_seattle,-2.9,999999999
port_los_angeles_dc_phoenix,truck,port_los_angeles,dc_phoenix,-1.69,999999999
port_los_angeles_dc_denver,truck,port_los_angeles,dc_denver,-2.63,999999999
port_los_angeles_dc_las_vegas,truck,port_los_angeles,dc_las_vegas,-1.48,999999999
port_tacoma_dc_san_bernandino,truck,port_tacoma,dc_san_bernandino,-2.83,999999999
port_tacoma_dc_portland,truck,port_tacoma,dc_portland,-1.24,999999999
port_tacoma_dc_boise,truck,port_tacoma,dc_boise,-1.76,999999999
port_tacoma_dc_albuquerque,truck,port_tacoma,dc_albuquerque,-3.26,999999999
port_tacoma_dc_seattle,truck,port_tacoma,dc_seattle,-1.04,999999999
port_tacoma_dc_phoenix,truck,port_tacoma,dc_phoenix,-3.12,999999999
port_tacoma_dc_denver,truck,port_tacoma,dc_denver,-2.96,999999999
port_tacoma_dc_las_vegas,truck,port_tacoma,dc_las_vegas,-2.65,999999999
port_houston_dc_dallas,truck,port_houston,dc_dallas,-1.39,999999999
port_houston_dc_columbus,truck,port_houston,dc_columbus,-2.9,999999999
port_houston_dc_atlanta,truck,port_houston,dc_atlanta,-2.32,999999999
port_houston_dc_savannah,truck,port_houston,dc_savannah,-2.56,999999999
port_houston_dc_indianapolis,truck,port_houston,dc_indianapolis,-2.66,999999999
port_houston_dc_chicago,truck,port_houston,dc_chicago,-2.75,999999999
port_houston_dc_nashville,truck,port_houston,dc_nashville,-2.27,999999999
port_houston_dc_minneapolis,truck,port_houston,dc_minneapolis,-3.06,999999999
port_houston_dc_albuquerque,truck,port_houston,dc_albuquerque,-2.5,999999999
port_houston_dc_mobile,truck,port_houston,dc_mobile,-1.82,999999999
port_houston_dc_phoenix,truck,port_houston,dc_phoenix,-3.01,999999999
port_houston_dc_jacksonville,truck,port_houston,dc_jacksonville,-2.55,999999999
port_houston_dc_orlando,truck,port_houston,dc_orlando,-2.6,999999999
port_houston_dc_pittsburgh,truck,port_houston,dc_pittsburgh,-3.18,999999999
port_houston_dc_charleston,truck,port_houston,dc_charleston,-2.77,999999999
port_houston_dc_houston,truck,port_houston,dc_houston,-1.02,999999999
port_houston_dc_denver,truck,port_houston,dc_denver,-2.73,999999999
port_houston_dc_louisville,truck,port_houston,dc_louisville,-2.54,999999999
port_houston_dc_lansing,truck,port_houston,dc_lansing,-3.07,999999999
port_savannah_dc_dallas,truck,port_savannah,dc_dallas,-2.73,999999999
port_savannah_dc_columbus,truck,port_savannah,dc_columbus,-2.06,999999999
port_savannah_dc_atlanta,truck,port_savannah,dc_atlanta,-1.42,999999999
port_savannah_dc_savannah,truck,port_savannah,dc_savannah,-1.06,999999999
port_savannah_dc_indianapolis,truck,port_savannah,dc_indianapolis,-2.15,999999999
port_savannah_dc_chicago,truck,port_savannah,dc_chicago,-2.45,999999999
port_savannah_dc_nashville,truck,port_savannah,dc_nashville,-1.82,999999999
port_savannah_dc_minneapolis,truck,port_savannah,dc_minneapolis,-3.13,999999999
port_savannah_dc_mobile,truck,port_savannah,dc_mobile,-1.81,999999999
port_savannah_dc_jacksonville,truck,port_savannah,dc_jacksonville,-1.25,999999999
port_savannah_dc_orlando,truck,port_savannah,dc_orlando,-1.48,999999999
port_savannah_dc_albany,truck,port_savannah,dc_albany,-2.6,999999999
port_savannah_dc_pittsburgh,truck,port_savannah,dc_pittsburgh,-2.11,999999999
port_savannah_dc_charleston,truck,port_savannah,dc_charleston,-1.16,999999999
port_savannah_dc_houston,truck,port_savannah,dc_houston,-2.61,999999999
port_savannah_dc_louisville,truck,port_savannah,dc_louisville,-1.97,999999999
port_savannah_dc_lansing,truck,port_savannah,dc_lansing,-2.46,999999999
port_norfolk_dc_dallas,truck,port_norfolk,dc_dallas,-3.29,999999999
port_norfolk_dc_columbus,truck,port_norfolk,dc_columbus,-1.8,999999999
port_norfolk_dc_atlanta,truck,port_norfolk,dc_atlanta,-1.97,999999999
port_norfolk_dc_savannah,truck,port_norfolk,dc_savannah,-1.86,999999999
port_norfolk_dc_indianapolis,truck,port_norfolk,dc_indianapolis,-2.09,999999999
port_norfolk_dc_chicago,truck,port_norfolk,dc_chicago,-2.35,999999999
port_norfolk_dc_nashville,truck,port_norfolk,dc_nashville,-2.12,999999999
port_norfolk_dc_minneapolis,truck,port_norfolk,dc_minneapolis,-3.01,999999999
port_norfolk_dc_mobile,truck,port_norfolk,dc_mobile,-2.54,999999999
port_norfolk_dc_jacksonville,truck,port_norfolk,dc_jacksonville,-2.06,999999999
port_norfolk_dc_orlando,truck,port_norfolk,dc_orlando,-2.25,999999999
port_norfolk_dc_albany,truck,port_norfolk,dc_albany,-1.81,999999999
port_norfolk_dc_pittsburgh,truck,port_norfolk,dc_pittsburgh,-1.6,999999999
port_norfolk_dc_charleston,truck,port_norfolk,dc_charleston,-1.68,999999999
port_norfolk_dc_houston,truck,port_norfolk,dc_houston,-3.28,999999999
port_norfolk_dc_louisville,truck,port_norfolk,dc_louisville,-2.02,999999999
port_norfolk_dc_lansing,truck,port_norfolk,dc_lansing,-2.14,999999999
port_charleston_dc_dallas,truck,port_charleston,dc_dallas,-2.87,999999999
port_charleston_dc_columbus,truck,port_charleston,dc_columbus,-2.01,999999999
port_charleston_dc_atlanta,truck,port_charleston,dc_atlanta,-1.52,999999999
port_charleston_dc_savannah,truck,port_charleston,dc_savannah,-1.22,999999999
port_charleston_dc_indianapolis,truck,port_charleston,dc_indianapolis,-2.14,999999999
port_charleston_dc_chicago,truck,port_charleston,dc_chicago,-2.45,999999999
port_charleston_dc_nashville,truck,port_charleston,dc_nashville,-1.88,999999999
port_charleston_dc_minneapolis,truck,port_charleston,dc_minneapolis,-3.13,999999999
port_charleston_dc_mobile,truck,port_charleston,dc_mobile,-1.97,999999999
port_charleston_dc_jacksonville,truck,port_charleston,dc_jacksonville,-1.39,999999999
port_charleston_dc_orlando,truck,port_charleston,dc_orlando,-1.6,999999999
port_charleston_dc_albany,truck,port_charleston,dc_albany,-2.46,999999999
port_charleston_dc_pittsburgh,truck,port_charleston,dc_pittsburgh,-2.01,999999999
port_charleston_dc_charleston,truck,port_charleston,dc_charleston,-1.01,999999999
port_charleston_dc_houston,truck,port_charleston,dc_houston,-2.77,999999999
port_charleston_dc_louisville,truck,port_charleston,dc_louisville,-1.97,999999999
port_charleston_dc_lansing,truck,port_charleston,dc_lansing,-2.41,999999999
port_new_york_dc_columbus,truck,port_new_york,dc_columbus,-1.92,999999999
port_new_york_dc_atlanta,truck,port_new_york,dc_atlanta,-2.44,999999999
port_new_york_dc_savannah,truck,port_new_york,dc_savannah,-2.41,999999999
port_new_york_dc_indianapolis,truck,port_new_york,dc_indianapolis,-2.24,999999999
port_new_york_dc_chicago,truck,port_new_york,dc_chicago,-2.42,999999999
port_new_york_dc_nashville,truck,port_new_york,dc_nashville,-2.47,999999999
port_new_york_dc_minneapolis,truck,port_new_york,dc_minneapolis,-2.96,999999999
port_new_york_dc_mobile,truck,port_new_york,dc_mobile,-3.03,999999999
port_new_york_dc_jacksonville,truck,port_new_york,dc_jacksonville,-2.62,999999999
port_new_york_dc_orlando,truck,port_new_york,dc_orlando,-2.82,999999999
port_new_york_dc_albany,truck,port_new_york,dc_albany,-1.26,999999999
port_new_york_dc_pittsburgh,truck,port_new_york,dc_pittsburgh,-1.61,999999999
port_new_york_dc_charleston,truck,port_new_york,dc_charleston,-2.24,999999999
port_new_york_dc_louisville,truck,port_new_york,dc_louisville,-2.26,999999999
port_new_york_dc_lansing,truck,port_new_york,dc_lansing,-2.08,999999999
port_new_jersey_dc_columbus,truck,port_new_jersey,dc_columbus,-1.92,999999999
port_new_jersey_dc_atlanta,truck,port_new_jersey,dc_atlanta,-2.44,999999999
port_new_jersey_dc_savannah,truck,port_new_jersey,dc_savannah,-2.4,999999999
port_new_jersey_dc_indianapolis,truck,port_new_jersey,dc_indianapolis,-2.24,999999999
port_new_jersey_dc_chicago,truck,port_new_jersey,dc_chicago,-2.42,999999999
port_new_jersey_dc_nashville,truck,port_new_jersey,dc_nashville,-2.46,999999999
port_new_jersey_dc_minneapolis,truck,port_new_jersey,dc_minneapolis,-2.97,999999999
port_new_jersey_dc_mobile,truck,port_new_jersey,dc_mobile,-3.02,999999999
port_new_jersey_dc_jacksonville,truck,port_new_jersey,dc_jacksonville,-2.61,999999999
port_new_jersey_dc_orlando,truck,port_new_jersey,dc_orlando,-2.81,999999999
port_new_jersey_dc_albany,truck,port_new_jersey,dc_albany,-1.27,999999999
port_new_jersey_dc_pittsburgh,truck,port_new_jersey,dc_pittsburgh,-1.61,999999999
port_new_jersey_dc_charleston,truck,port_new_jersey,dc_charleston,-2.23,999999999
port_new_jersey_dc_louisville,truck,port_new_jersey,dc_louisville,-2.26,999999999
port_new_jersey_dc_lansing,truck,port_new_jersey,dc_lansing,-2.09,999999999
airport_los_angeles_dc_san_bernandino,truck,airport_los_angeles,dc_san_bernandino,-1.13,999999999
airport_los_angeles_dc_portland,truck,airport_los_angeles,dc_portland,-2.6,999999999
airport_los_angeles_dc_boise,truck,airport_los_angeles,dc_boise,-2.31,999999999
airport_los_angeles_dc_albuquerque,truck,airport_los_angeles,dc_albuquerque,-2.3,999999999
airport_los_angeles_dc_seattle,truck,airport_los_angeles,dc_seattle,-2.86,999999999
airport_los_angeles_dc_phoenix,truck,airport_los_angeles,dc_phoenix,-1.7,999999999
airport_los_angeles_dc_denver,truck,airport_los_angeles,dc_denver,-2.62,999999999
airport_los_angeles_dc_las_vegas,truck,airport_los_angeles,dc_las_vegas,-1.46,999999999
airport_atlanta_dc_dallas,truck,airport_atlanta,dc_dallas,-2.36,999999999
airport_atlanta_dc_columbus,truck,airport_atlanta,dc_columbus,-1.86,999999999
airport_atlanta_dc_atlanta,truck,airport_atlanta,dc_atlanta,-1.02,999999999
airport_atlanta_dc_savannah,truck,airport_atlanta,dc_savannah,-1.36,999999999
airport_atlanta_dc_indianapolis,truck,airport_atlanta,dc_indianapolis,-1.84,999999999
airport_atlanta_dc_chicago,truck,airport_atlanta,dc_chicago,-2.12,999999999
airport_atlanta_dc_nashville,truck,airport_atlanta,dc_nashville,-1.42,999999999
airport_atlanta_dc_minneapolis,truck,airport_atlanta,dc_minneapolis,-2.76,999999999
airport_atlanta_dc_mobile,truck,airport_atlanta,dc_mobile,-1.57,999999999
airport_atlanta_dc_jacksonville,truck,airport_atlanta,dc_jacksonville,-1.54,999999999
airport_atlanta_dc_orlando,truck,airport_atlanta,dc_orlando,-1.76,999999999
airport_atlanta_dc_albany,truck,airport_atlanta,dc_albany,-2.64,999999999
airport_atlanta_dc_pittsburgh,truck,airport_atlanta,dc_pittsburgh,-2.02,999999999
airport_atlanta_dc_charleston,truck,airport_atlanta,dc_charleston,-1.51,999999999
airport_atlanta_dc_houston,truck,airport_atlanta,dc_houston,-2.3,999999999
airport_atlanta_dc_denver,truck,airport_atlanta,dc_denver,-3.34,999999999
airport_atlanta_dc_louisville,truck,airport_atlanta,dc_louisville,-1.64,999999999
airport_atlanta_dc_lansing,truck,airport_atlanta,dc_lansing,-2.21,999999999
airport_chicago_dc_dallas,truck,airport_chicago,dc_dallas,-2.58,999999999
airport_chicago_dc_columbus,truck,airport_chicago,dc_columbus,-1.56,999999999
airport_chicago_dc_atlanta,truck,airport_chicago,dc_atlanta,-2.16,999999999
airport_chicago_dc_savannah,truck,airport_chicago,dc_savannah,-2.46,999999999
airport_chicago_dc_indianapolis,truck,airport_chicago,dc_indianapolis,-1.34,999999999
airport_chicago_dc_chicago,truck,airport_chicago,dc_chicago,-1.07,999999999
airport_chicago_dc_nashville,truck,airport_chicago,dc_nashville,-1.79,999999999
airport_chicago_dc_minneapolis,truck,airport_chicago,dc_minneapolis,-1.65,999999999
airport_chicago_dc_albuquerque,truck,airport_chicago,dc_albuquerque,-3.15,999999999
airport_chicago_dc_mobile,truck,airport_chicago,dc_mobile,-2.51,999999999
airport_chicago_dc_jacksonville,truck,airport_chicago,dc_jacksonville,-2.69,999999999
airport_chicago_dc_orlando,truck,airport_chicago,dc_orlando,-2.93,999999999
airport_chicago_dc_albany,truck,airport_chicago,dc_albany,-2.39,999999999
airport_chicago_dc_pittsburgh,truck,airport_chicago,dc_pittsburgh,-1.82,999999999
airport_chicago_dc_charleston,truck,airport_chicago,dc_charleston,-2.49,999999999
airport_chicago_dc_houston,truck,airport_chicago,dc_houston,-2.8,999999999
airport_chicago_dc_denver,truck,airport_chicago,dc_denver,-2.75,999999999
airport_chicago_dc_louisville,truck,airport_chicago,dc_louisville,-1.54,999999999
airport_chicago_dc_lansing,truck,airport_chicago,dc_lansing,-1.34,999999999
airport_new_york_dc_columbus,truck,airport_new_york,dc_columbus,-1.94,999999999
airport_new_york_dc_atlanta,truck,airport_new_york,dc_atlanta,-2.45,999999999
airport_new_york_dc_savannah,truck,airport_new_york,dc_savannah,-2.41,999999999
airport_new_york_dc_indianapolis,truck,airport_new_york,dc_indianapolis,-2.26,999999999
airport_new_york_dc_chicago,truck,airport_new_york,dc_chicago,-2.44,999999999
airport_new_york_dc_nashville,truck,airport_new_york,dc_nashville,-2.48,999999999
airport_new_york_dc_minneapolis,truck,airport_new_york,dc_minneapolis,-2.99,999999999
airport_new_york_dc_mobile,truck,airport_new_york,dc_mobile,-3.03,999999999
airport_new_york_dc_jacksonville,truck,airport_new_york,dc_jacksonville,-2.62,999999999
airport_new_york_dc_orlando,truck,airport_new_york,dc_orlando,-2.81,999999999
airport_new_york_dc_albany,truck,airport_new_york,dc_albany,-1.27,999999999
airport_new_york_dc_pittsburgh,truck,airport_new_york,dc_pittsburgh,-1.63,999999999
airport_new_york_dc_charleston,truck,airport_new_york,dc_charleston,-2.23,999999999
airport_new_york_dc_louisville,truck,airport_new_york,dc_louisville,-2.28,999999999
airport_new_york_dc_lansing,truck,airport_new_york,dc_lansing,-2.11,999999999
airport_miami_dc_dallas,truck,airport_miami,dc_dallas,-3.08,999999999
airport_miami_dc_columbus,truck,airport_miami,dc_columbus,-2.91,999999999
airport_miami_dc_atlanta,truck,airport_miami,dc_atlanta,-2.16,999999999
airport_miami_dc_savannah,truck,airport_miami,dc_savannah,-1.87,999999999
airport_miami_dc_indianapolis,truck,airport_miami,dc_indianapolis,-2.97,999999999
airport_miami_dc_chicago,truck,airport_miami,dc_chicago,-3.26,999999999
airport_miami_dc_nashville,truck,airport_miami,dc_nashville,-2.57,999999999
airport_miami_dc_mobile,truck,airport_miami,dc_mobile,-2.12,999999999
airport_miami_dc_jacksonville,truck,airport_miami,dc_jacksonville,-1.62,999999999
airport_miami_dc_orlando,truck,airport_miami,dc_orlando,-1.39,999999999
airport_miami_dc_albany,truck,airport_miami,dc_albany,-3.36,999999999
airport_miami_dc_pittsburgh,truck,airport_miami,dc_pittsburgh,-2.95,999999999
airport_miami_dc_charleston,truck,airport_miami,dc_charleston,-1.93,999999999
airport_miami_dc_houston,truck,airport_miami,dc_houston,-2.81,999999999
airport_miami_dc_louisville,truck,airport_miami,dc_louisville,-2.78,999999999
airport_miami_dc_lansing,truck,airport_miami,dc_lansing,-3.3,999999999
dc_dallas_dz_al,truck,dc_dallas,dz_al,-2.08,999999999
dc_dallas_dz_ar,truck,dc_dallas,dz_ar,-1.65,999999999
dc_dallas_dz_az,truck,dc_dallas,dz_az,-2.64,999999999
dc_dallas_dz_co,truck,dc_dallas,dz_co,-2.39,999999999
dc_dallas_dz_ga,truck,dc_dallas,dz_ga,-2.53,999999999
dc_dallas_dz_ia,truck,dc_dallas,dz_ia,-2.33,999999999
dc_dallas_dz_il,truck,dc_dallas,dz_il,-2.35,999999999
dc_dallas_dz_in,truck,dc_dallas,dz_in,-2.6,999999999
dc_dallas_dz_ks,truck,dc_dallas,dz_ks,-1.92,999999999
dc_dallas_dz_ky,truck,dc_dallas,dz_ky,-2.53,999999999
dc_dallas_dz_la,truck,dc_dallas,dz_la,-1.51,999999999
dc_dallas_dz_mo,truck,dc_dallas,dz_mo,-1.91,999999999
dc_dallas_dz_ms,truck,dc_dallas,dz_ms,-1.8,999999999
dc_dallas_dz_ne,truck,dc_dallas,dz_ne,-2.28,999999999
dc_dallas_dz_nm,truck,dc_dallas,dz_nm,-2.01,999999999
dc_dallas_dz_ok,truck,dc_dallas,dz_ok,-1.37,999999999
dc_dallas_dz_sd,truck,dc_dallas,dz_sd,-2.6,999999999
dc_dallas_dz_tn,truck,dc_dallas,dz_tn,-2.18,999999999
dc_dallas_dz_tx,truck,dc_dallas,dz_tx,-1.39,999999999
dc_san_bernandino_dz_az,truck,dc_san_bernandino,dz_az,-1.68,999999999
dc_san_bernandino_dz_ca,truck,dc_san_bernandino,dz_ca,-1.43,999999999
dc_san_bernandino_dz_co,truck,dc_san_bernandino,dz_co,-2.42,999999999
dc_san_bernandino_dz_id,truck,dc_san_bernandino,dz_id,-2.36,999999999
dc_san_bernandino_dz_nm,truck,dc_san_bernandino,dz_nm,-2.34,999999999
dc_san_bernandino_dz_nv,truck,dc_san_bernandino,dz_nv,-1.63,999999999
dc_san_bernandino_dz_or,truck,dc_san_bernandino,dz_or,-2.34,999999999
dc_san_bernandino_dz_ut,truck,dc_san_bernandino,dz_ut,-1.96,999999999
dc_san_bernandino_dz_wy,truck,dc_san_bernandino,dz_wy,-2.58,999999999
dc_columbus_dz_al,truck,dc_columbus,dz_al,-2.1,999999999
dc_columbus_dz_ar,truck,dc_columbus,dz_ar,-2.13,999999999
dc_columbus_dz_ct,truck,dc_columbus,dz_ct,-2.02,999999999
dc_columbus_dz_dc,truck,dc_columbus,dz_dc,-1.63,999999999
dc_columbus_dz_de,truck,dc_columbus,dz_de,-1.78,999999999
dc_columbus_dz_fl,truck,dc_columbus,dz_fl,-2.65,999999999
dc_columbus_dz_ga,truck,dc_columbus,dz_ga,-2.04,999999999
dc_columbus_dz_ia,truck,dc_columbus,dz_ia,-2.05,999999999
dc_columbus_dz_il,truck,dc_columbus,dz_il,-1.66,999999999
dc_columbus_dz_in,truck,dc_columbus,dz_in,-1.28,999999999
dc_columbus_dz_ks,truck,dc_columbus,dz_ks,-2.6,999999999
dc_columbus_dz_ky,truck,dc_columbus,dz_ky,-1.31,999999999
dc_columbus_dz_la,truck,dc_columbus,dz_la,-2.53,999999999
dc_columbus_dz_ma,truck,dc_columbus,dz_ma,-2.21,999999999
dc_columbus_dz_md,truck,dc_columbus,dz_md,-1.66,999999999
dc_columbus_dz_me,truck,dc_columbus,dz_me,-2.5,999999999
dc_columbus_dz_mi,truck,dc_columbus,dz_mi,-1.64,999999999
dc_columbus_dz_mn,truck,dc_columbus,dz_mn,-2.45,999999999
dc_columbus_dz_mo,truck,dc_columbus,dz_mo,-1.95,999999999
dc_columbus_dz_ms,truck,dc_columbus,dz_ms,-2.23,999999999
dc_columbus_dz_nc,truck,dc_columbus,dz_nc,-1.7,999999999
dc_columbus_dz_nh,truck,dc_columbus,dz_nh,-2.22,999999999
dc_columbus_dz_nj,truck,dc_columbus,dz_nj,-1.88,999999999
dc_columbus_dz_ny,truck,dc_columbus,dz_ny,-1.98,999999999
dc_columbus_dz_oh,truck,dc_columbus,dz_oh,-1.06,999999999
dc_columbus_dz_ok,truck,dc_columbus,dz_ok,-2.63,999999999
dc_columbus_dz_pa,truck,dc_columbus,dz_pa,-1.61,999999999
dc_columbus_dz_ri,truck,dc_columbus,dz_ri,-2.18,999999999
dc_columbus_dz_sc,truck,dc_columbus,dz_sc,-1.84,999999999
dc_columbus_dz_tn,truck,dc_columbus,dz_tn,-1.7,999999999
dc_columbus_dz_va,truck,dc_columbus,dz_va,-1.56,999999999
dc_columbus_dz_vt,truck,dc_columbus,dz_vt,-2.2,999999999
dc_columbus_dz_wi,truck,dc_columbus,dz_wi,-1.77,999999999
dc_columbus_dz_wv,truck,dc_columbus,dz_wv,-1.32,999999999
dc_atlanta_dz_al,truck,dc_atlanta,dz_al,-1.34,999999999
dc_atlanta_dz_ar,truck,dc_atlanta,dz_ar,-1.84,999999999
dc_atlanta_dz_ct,truck,dc_atlanta,dz_ct,-2.58,999999999
dc_atlanta_dz_dc,truck,dc_atlanta,dz_dc,-2.05,999999999
dc_atlanta_dz_de,truck,dc_atlanta,dz_de,-2.18,999999999
dc_atlanta_dz_fl,truck,dc_atlanta,dz_fl,-1.88,999999999
dc_atlanta_dz_ga,truck,dc_atlanta,dz_ga,-1.27,999999999
dc_atlanta_dz_ia,truck,dc_atlanta,dz_ia,-2.42,999999999
dc_atlanta_dz_il,truck,dc_atlanta,dz_il,-2.06,999999999
dc_atlanta_dz_in,truck,dc_atlanta,dz_in,-1.91,999999999
dc_atlanta_dz_ks,truck,dc_atlanta,dz_ks,-2.67,999999999
dc_atlanta_dz_ky,truck,dc_atlanta,dz_ky,-1.55,999999999
dc_atlanta_dz_la,truck,dc_atlanta,dz_la,-1.93,999999999
dc_atlanta_dz_md,truck,dc_atlanta,dz_md,-2.09,999999999
dc_atlanta_dz_mi,truck,dc_atlanta,dz_mi,-2.41,999999999
dc_atlanta_dz_mo,truck,dc_atlanta,dz_mo,-1.98,999999999
dc_atlanta_dz_ms,truck,dc_atlanta,dz_ms,-1.59,999999999
dc_atlanta_dz_nc,truck,dc_atlanta,dz_nc,-1.65,999999999
dc_atlanta_dz_nj,truck,dc_atlanta,dz_nj,-2.36,999999999
dc_atlanta_dz_ny,truck,dc_atlanta,dz_ny,-2.66,999999999
dc_atlanta_dz_oh,truck,dc_atlanta,dz_oh,-1.9,999999999
dc_atlanta_dz_ok,truck,dc_atlanta,dz_ok,-2.41,999999999
dc_atlanta_dz_pa,truck,dc_atlanta,dz_pa,-2.25,999999999
dc_atlanta_dz_sc,truck,dc_atlanta,dz_sc,-1.36,999999999
dc_atlanta_dz_tn,truck,dc_atlanta,dz_tn,-1.34,999999999
dc_atlanta_dz_va,truck,dc_atlanta,dz_va,-1.79,999999999
dc_atlanta_dz_wi,truck,dc_atlanta,dz_wi,-2.41,999999999
dc_atlanta_dz_wv,truck,dc_atlanta,dz_wv,-1.77,999999999
dc_portland_dz_ca,truck,dc_portland,dz_ca,-2.21,999999999
dc_portland_dz_id,truck,dc_portland,dz_id,-1.77,999999999
dc_portland_dz_mt,truck,dc_portland,dz_mt,-2.15,999999999
dc_portland_dz_nv,truck,dc_portland,dz_nv,-2.09,999999999
dc_portland_dz_or,truck,dc_portland,dz_or,-1.3,999999999
dc_portland_dz_ut,truck,dc_portland,dz_ut,-2.4,999999999
dc_portland_dz_wa,truck,dc_portland,dz_wa,-1.35,999999999
dc_portland_dz_wy,truck,dc_portland,dz_wy,-2.5,999999999
dc_savannah_dz_al,truck,dc_savannah,dz_al,-1.59,999999999
dc_savannah_dz_ar,truck,dc_savannah,dz_ar,-2.2,999999999
dc_savannah_dz_ct,truck,dc_savannah,dz_ct,-2.55,999999999
dc_savannah_dz_dc,truck,dc_savannah,dz_dc,-2.03,999999999
dc_savannah_dz_de,truck,dc_savannah,dz_de,-2.12,999999999
dc_savannah_dz_fl,truck,dc_savannah,dz_fl,-1.61,999999999
dc_savannah_dz_ga,truck,dc_savannah,dz_ga,-1.14,999999999
dc_savannah_dz_il,truck,dc_savannah,dz_il,-2.4,999999999
dc_savannah_dz_in,truck,dc_savannah,dz_in,-2.19,999999999
dc_savannah_dz_ky,truck,dc_savannah,dz_ky,-1.8,999999999
dc_savannah_dz_la,truck,dc_savannah,dz_la,-2.19,999999999
dc_savannah_dz_md,truck,dc_savannah,dz_md,-2.06,999999999
dc_savannah_dz_mi,truck,dc_savannah,dz_mi,-2.67,999999999
dc_savannah_dz_mo,truck,dc_savannah,dz_mo,-2.35,999999999
dc_savannah_dz_ms,truck,dc_savannah,dz_ms,-1.87,999999999
dc_savannah_dz_nc,truck,dc_savannah,dz_nc,-1.56,999999999
dc_savannah_dz_nj,truck,dc_savannah,dz_nj,-2.31,999999999
dc_savannah_dz_ny,truck,dc_savannah,dz_ny,-2.68,999999999
dc_savannah_dz_oh,truck,dc_savannah,dz_oh,-2.1,999999999
dc_savannah_dz_pa,truck,dc_savannah,dz_pa,-2.29,999999999
dc_savannah_dz_ri,truck,dc_savannah,dz_ri,-2.66,999999999
dc_savannah_dz_sc,truck,dc_savannah,dz_sc,-1.23,999999999
dc_savannah_dz_tn,truck,dc_savannah,dz_tn,-1.7,999999999
dc_savannah_dz_va,truck,dc_savannah,dz_va,-1.77,999999999
dc_savannah_dz_wv,truck,dc_savannah,dz_wv,-1.86,999999999
dc_indianapolis_dz_al,truck,dc_indianapolis,dz_al,-2.0,999999999
dc_indianapolis_dz_ar,truck,dc_indianapolis,dz_ar,-1.86,999999999
dc_indianapolis_dz_ct,truck,dc_indianapolis,dz_ct,-2.34,999999999
dc_indianapolis_dz_dc,truck,dc_indianapolis,dz_dc,-1.95,999999999
dc_indianapolis_dz_de,truck,dc_indianapolis,dz_de,-2.1,999999999
dc_indianapolis_dz_ga,truck,dc_indianapolis,dz_ga,-2.08,999999999
dc_indianapolis_dz_ia,truck,dc_indianapolis,dz_ia,-1.75,999999999
dc_indianapolis_dz_il,truck,dc_indianapolis,dz_il,-1.35,999999999
dc_indianapolis_dz_in,truck,dc_indianapolis,dz_in,-1.12,999999999
dc_indianapolis_dz_ks,truck,dc_indianapolis,dz_ks,-2.27,999999999
dc_indianapolis_dz_ky,truck,dc_indianapolis,dz_ky,-1.32,999999999
dc_indianapolis_dz_la,truck,dc_indianapolis,dz_la,-2.31,999999999
dc_indianapolis_dz_ma,truck,dc_indianapolis,dz_ma,-2.52,999999999
dc_indianapolis_dz_md,truck,dc_indianapolis,dz_md,-1.98,999999999
dc_indianapolis_dz_mi,truck,dc_indianapolis,dz_mi,-1.61,999999999
dc_indianapolis_dz_mn,truck,dc_indianapolis,dz_mn,-2.24,999999999
dc_indianapolis_dz_mo,truck,dc_indianapolis,dz_mo,-1.64,999999999
dc_indianapolis_dz_ms,truck,dc_indianapolis,dz_ms,-2.05,999999999
dc_indianapolis_dz_nc,truck,dc_indianapolis,dz_nc,-1.92,999999999
dc_indianapolis_dz_ne,truck,dc_indianapolis,dz_ne,-2.41,999999999
dc_indianapolis_dz_nh,truck,dc_indianapolis,dz_nh,-2.52,999999999
dc_indianapolis_dz_nj,truck,dc_indianapolis,dz_nj,-2.2,999999999
dc_indianapolis_dz_ny,truck,dc_indianapolis,dz_ny,-2.28,999999999
dc_indianapolis_dz_oh,truck,dc_indianapolis,dz_oh,-1.34,999999999
dc_indianapolis_dz_ok,truck,dc_indianapolis,dz_ok,-2.32,999999999
dc_indianapolis_dz_pa,truck,dc_indianapolis,dz_pa,-1.93,999999999
dc_indianapolis_dz_ri,truck,dc_indianapolis,dz_ri,-2.5,999999999
dc_indianapolis_dz_sc,truck,dc_indianapolis,dz_sc,-1.95,999999999
dc_indianapolis_dz_sd,truck,dc_indianapolis,dz_sd,-2.47,999999999
dc_indianapolis_dz_tn,truck,dc_indianapolis,dz_tn,-1.57,999999999
dc_indianapolis_dz_va,truck,dc_indianapolis,dz_va,-1.84,999999999
dc_indianapolis_dz_vt,truck,dc_indianapolis,dz_vt,-2.48,999999999
dc_indianapolis_dz_wi,truck,dc_indianapolis,dz_wi,-1.6,999999999
dc_indianapolis_dz_wv,truck,dc_indianapolis,dz_wv,-1.61,999999999
dc_chicago_dz_al,truck,dc_chicago,dz_al,-2.23,999999999
dc_chicago_dz_ar,truck,dc_chicago,dz_ar,-1.93,999999999
dc_chicago_dz_ct,truck,dc_chicago,dz_ct,-2.49,999999999
dc_chicago_dz_dc,truck,dc_chicago,dz_dc,-2.18,999999999
dc_chicago_dz_de,truck,dc_chicago,dz_de,-2.32,999999999
dc_chicago_dz_ga,truck,dc_chicago,dz_ga,-2.36,999999999
dc_chicago_dz_ia,truck,dc_chicago,dz_ia,-1.5,999999999
dc_chicago_dz_il,truck,dc_chicago,dz_il,-1.18,999999999
dc_chicago_dz_in,truck,dc_chicago,dz_in,-1.28,999999999
dc_chicago_dz_ks,truck,dc_chicago,dz_ks,-2.11,999999999
dc_chicago_dz_ky,truck,dc_chicago,dz_ky,-1.63,999999999
dc_chicago_dz_la,truck,dc_chicago,dz_la,-2.44,999999999
dc_chicago_dz_ma,truck,dc_chicago,dz_ma,-2.66,999999999
dc_chicago_dz_md,truck,dc_chicago,dz_md,-2.21,999999999
dc_chicago_dz_mi,truck,dc_chicago,dz_mi,-1.45,999999999
dc_chicago_dz_mn,truck,dc_chicago,dz_mn,-1.94,999999999
dc_chicago_dz_mo,truck,dc_chicago,dz_mo,-1.61,999999999
dc_chicago_dz_ms,truck,dc_chicago,dz_ms,-2.23,999999999
dc_chicago_dz_nc,truck,dc_chicago,dz_nc,-2.22,999999999
dc_chicago_dz_nd,truck,dc_chicago,dz_nd,-2.47,999999999
dc_chicago_dz_ne,truck,dc_chicago,dz_ne,-2.18,999999999
dc_chicago_dz_nh,truck,dc_chicago,dz_nh,-2.64,999999999
dc_chicago_dz_nj,truck,dc_chicago,dz_nj,-2.39,999999999
dc_chicago_dz_ny,truck,dc_chicago,dz_ny,-2.38,999999999
dc_chicago_dz_oh,truck,dc_chicago,dz_oh,-1.54,999999999
dc_chicago_dz_ok,truck,dc_chicago,dz_ok,-2.28,999999999
dc_chicago_dz_pa,truck,dc_chicago,dz_pa,-2.09,999999999
dc_chicago_dz_ri,truck,dc_chicago,dz_ri,-2.66,999999999
dc_chicago_dz_sc,truck,dc_chicago,dz_sc,-2.26,999999999
dc_chicago_dz_sd,truck,dc_chicago,dz_sd,-2.2,999999999
dc_chicago_dz_tn,truck,dc_chicago,dz_tn,-1.81,999999999
dc_chicago_dz_va,truck,dc_chicago,dz_va,-2.11,999999999
dc_chicago_dz_vt,truck,dc_chicago,dz_vt,-2.56,999999999
dc_chicago_dz_wi,truck,dc_chicago,dz_wi,-1.31,999999999
dc_chicago_dz_wv,truck,dc_chicago,dz_wv,-1.87,999999999
dc_nashville_dz_al,truck,dc_nashville,dz_al,-1.51,999999999
dc_nashville_dz_ar,truck,dc_nashville,dz_ar,-1.56,999999999
dc_nashville_dz_ct,truck,dc_nashville,dz_ct,-2.59,999999999
dc_nashville_dz_dc,truck,dc_nashville,dz_dc,-2.09,999999999
dc_nashville_dz_de,truck,dc_nashville,dz_de,-2.25,999999999
dc_nashville_dz_fl,truck,dc_nashville,dz_fl,-2.28,999999999
dc_nashville_dz_ga,truck,dc_nashville,dz_ga,-1.69,999999999
dc_nashville_dz_ia,truck,dc_nashville,dz_ia,-2.0,999999999
dc_nashville_dz_il,truck,dc_nashville,dz_il,-1.66,999999999
dc_nashville_dz_in,truck,dc_nashville,dz_in,-1.6,999999999
dc_nashville_dz_ks,truck,dc_nashville,dz_ks,-2.29,999999999
dc_nashville_dz_ky,truck,dc_nashville,dz_ky,-1.35,999999999
dc_nashville_dz_la,truck,dc_nashville,dz_la,-1.88,999999999
dc_nashville_dz_md,truck,dc_nashville,dz_md,-2.14,999999999
dc_nashville_dz_mi,truck,dc_nashville,dz_mi,-2.09,999999999
dc_nashville_dz_mn,truck,dc_nashville,dz_mn,-2.62,999999999
dc_nashville_dz_mo,truck,dc_nashville,dz_mo,-1.59,999999999
dc_nashville_dz_ms,truck,dc_nashville,dz_ms,-1.58,999999999
dc_nashville_dz_nc,truck,dc_nashville,dz_nc,-1.84,999999999
dc_nashville_dz_ne,truck,dc_nashville,dz_ne,-2.53,999999999
dc_nashville_dz_nj,truck,dc_nashville,dz_nj,-2.4,999999999
dc_nashville_dz_ny,truck,dc_nashville,dz_ny,-2.6,999999999
dc_nashville_dz_oh,truck,dc_nashville,dz_oh,-1.7,999999999
dc_nashville_dz_ok,truck,dc_nashville,dz_ok,-2.13,999999999
dc_nashville_dz_pa,truck,dc_nashville,dz_pa,-2.2,999999999
dc_nashville_dz_sc,truck,dc_nashville,dz_sc,-1.69,999999999
dc_nashville_dz_tn,truck,dc_nashville,dz_tn,-1.09,999999999
dc_nashville_dz_tx,truck,dc_nashville,dz_tx,-2.55,999999999
dc_nashville_dz_va,truck,dc_nashville,dz_va,-1.89,999999999
dc_nashville_dz_wi,truck,dc_nashville,dz_wi,-2.04,999999999
dc_nashville_dz_wv,truck,dc_nashville,dz_wv,-1.75,999999999
dc_minneapolis_dz_ar,truck,dc_minneapolis,dz_ar,-2.31,999999999
dc_minneapolis_dz_co,truck,dc_minneapolis,dz_co,-2.43,999999999
dc_minneapolis_dz_ia,truck,dc_minneapolis,dz_ia,-1.42,999999999
dc_minneapolis_dz_il,truck,dc_minneapolis,dz_il,-1.69,999999999
dc_minneapolis_dz_in,truck,dc_minneapolis,dz_in,-1.96,999999999
dc_minneapolis_dz_ks,truck,dc_minneapolis,dz_ks,-1.95,999999999
dc_minneapolis_dz_ky,truck,dc_minneapolis,dz_ky,-2.31,999999999
dc_minneapolis_dz_mi,truck,dc_minneapolis,dz_mi,-1.73,999999999
dc_minneapolis_dz_mn,truck,dc_minneapolis,dz_mn,-1.27,999999999
dc_minneapolis_dz_mo,truck,dc_minneapolis,dz_mo,-1.95,999999999
dc_minneapolis_dz_mt,truck,dc_minneapolis,dz_mt,-2.6,999999999
dc_minneapolis_dz_nd,truck,dc_minneapolis,dz_nd,-1.79,999999999
dc_minneapolis_dz_ne,truck,dc_minneapolis,dz_ne,-1.79,999999999
dc_minneapolis_dz_oh,truck,dc_minneapolis,dz_oh,-2.18,999999999
dc_minneapolis_dz_ok,truck,dc_minneapolis,dz_ok,-2.39,999999999
dc_minneapolis_dz_pa,truck,dc_minneapolis,dz_pa,-2.64,999999999
dc_minneapolis_dz_sd,truck,dc_minneapolis,dz_sd,-1.65,999999999
dc_minneapolis_dz_tn,truck,dc_minneapolis,dz_tn,-2.43,999999999
dc_minneapolis_dz_wi,truck,dc_minneapolis,dz_wi,-1.46,999999999
dc_minneapolis_dz_wv,truck,dc_minneapolis,dz_wv,-2.53,999999999
dc_minneapolis_dz_wy,truck,dc_minneapolis,dz_wy,-2.37,999999999
dc_boise_dz_az,truck,dc_boise,dz_az,-2.38,999999999
dc_boise_dz_ca,truck,dc_boise,dz_ca,-1.97,999999999
dc_boise_dz_co,truck,dc_boise,dz_co,-2.17,999999999
dc_boise_dz_id,truck,dc_boise,dz_id,-1.15,999999999
dc_boise_dz_mt,truck,dc_boise,dz_mt,-1.7,999999999
dc_boise_dz_nd,truck,dc_boise,dz_nd,-2.51,999999999
dc_boise_dz_ne,truck,dc_boise,dz_ne,-2.62,999999999
dc_boise_dz_nm,truck,dc_boise,dz_nm,-2.63,999999999
dc_boise_dz_nv,truck,dc_boise,dz_nv,-1.64,999999999
dc_boise_dz_or,truck,dc_boise,dz_or,-1.42,999999999
dc_boise_dz_sd,truck,dc_boise,dz_sd,-2.57,999999999
dc_boise_dz_ut,truck,dc_boise,dz_ut,-1.77,999999999
dc_boise_dz_wa,truck,dc_boise,dz_wa,-1.7,999999999
dc_boise_dz_wy,truck,dc_boise,dz_wy,-1.87,999999999
dc_albuquerque_dz_ar,truck,dc_albuquerque,dz_ar,-2.61,999999999
dc_albuquerque_dz_az,truck,dc_albuquerque,dz_az,-1.51,999999999
dc_albuquerque_dz_ca,truck,dc_albuquerque,dz_ca,-2.4,999999999
dc_albuquerque_dz_co,truck,dc_albuquerque,dz_co,-1.6,999999999
dc_albuquerque_dz_ia,truck,dc_albuquerque,dz_ia,-2.68,999999999
dc_albuquerque_dz_id,truck,dc_albuquerque,dz_id,-2.46,999999999
dc_albuquerque_dz_ks,truck,dc_albuquerque,dz_ks,-2.01,999999999
dc_albuquerque_dz_mo,truck,dc_albuquerque,dz_mo,-2.63,999999999
dc_albuquerque_dz_mt,truck,dc_albuquerque,dz_mt,-2.62,999999999
dc_albuquerque_dz_ne,truck,dc_albuquerque,dz_ne,-2.11,999999999
dc_albuquerque_dz_nm,truck,dc_albuquerque,dz_nm,-1.18,999999999
dc_albuquerque_dz_nv,truck,dc_albuquerque,dz_nv,-2.15,999999999
dc_albuquerque_dz_ok,truck,dc_albuquerque,dz_ok,-2.04,999999999
dc_albuquerque_dz_sd,truck,dc_albuquerque,dz_sd,-2.37,999999999
dc_albuquerque_dz_tx,truck,dc_albuquerque,dz_tx,-1.86,999999999
dc_albuquerque_dz_ut,truck,dc_albuquerque,dz_ut,-1.74,999999999
dc_albuquerque_dz_wy,truck,dc_albuquerque,dz_wy,-2.07,999999999
dc_mobile_dz_al,truck,dc_mobile,dz_al,-1.25,999999999
dc_mobile_dz_ar,truck,dc_mobile,dz_ar,-1.74,999999999
dc_mobile_dz_dc,truck,dc_mobile,dz_dc,-2.63,999999999
dc_mobile_dz_fl,truck,dc_mobile,dz_fl,-1.86,999999999
dc_mobile_dz_ga,truck,dc_mobile,dz_ga,-1.62,999999999
dc_mobile_dz_ia,truck,dc_mobile,dz_ia,-2.59,999999999
dc_mobile_dz_il,truck,dc_mobile,dz_il,-2.34,999999999
dc_mobile_dz_in,truck,dc_mobile,dz_in,-2.34,999999999
dc_mobile_dz_ks,truck,dc_mobile,dz_ks,-2.59,999999999
dc_mobile_dz_ky,truck,dc_mobile,dz_ky,-2.04,999999999
dc_mobile_dz_la,truck,dc_mobile,dz_la,-1.47,999999999
dc_mobile_dz_md,truck,dc_mobile,dz_md,-2.67,999999999
dc_mobile_dz_mo,truck,dc_mobile,dz_mo,-2.06,999999999
dc_mobile_dz_ms,truck,dc_mobile,dz_ms,-1.27,999999999
dc_mobile_dz_nc,truck,dc_mobile,dz_nc,-2.21,999999999
dc_mobile_dz_oh,truck,dc_mobile,dz_oh,-2.41,999999999
dc_mobile_dz_ok,truck,dc_mobile,dz_ok,-2.17,999999999
dc_mobile_dz_sc,truck,dc_mobile,dz_sc,-1.88,999999999
dc_mobile_dz_tn,truck,dc_mobile,dz_tn,-1.66,999999999
dc_mobile_dz_tx,truck,dc_mobile,dz_tx,-2.36,999999999
dc_mobile_dz_va,truck,dc_mobile,dz_va,-2.37,999999999
dc_mobile_dz_wv,truck,dc_mobile,dz_wv,-2.34,999999999
dc_seattle_dz_ca,truck,dc_seattle,dz_ca,-2.47,999999999
dc_seattle_dz_id,truck,dc_seattle,dz_id,-1.85,999999999
dc_seattle_dz_mt,truck,dc_seattle,dz_mt,-2.09,999999999
dc_seattle_dz_nv,truck,dc_seattle,dz_nv,-2.31,999999999
dc_seattle_dz_or,truck,dc_seattle,dz_or,-1.53,999999999
dc_seattle_dz_ut,truck,dc_seattle,dz_ut,-2.55,999999999
dc_seattle_dz_wa,truck,dc_seattle,dz_wa,-1.14,999999999
dc_seattle_dz_wy,truck,dc_seattle,dz_wy,-2.53,999999999
dc_phoenix_dz_az,truck,dc_phoenix,dz_az,-1.14,999999999
dc_phoenix_dz_ca,truck,dc_phoenix,dz_ca,-1.91,999999999
dc_phoenix_dz_co,truck,dc_phoenix,dz_co,-2.06,999999999
dc_phoenix_dz_id,truck,dc_phoenix,dz_id,-2.44,999999999
dc_phoenix_dz_ks,truck,dc_phoenix,dz_ks,-2.64,999999999
dc_phoenix_dz_ne,truck,dc_phoenix,dz_ne,-2.68,999999999
dc_phoenix_dz_nm,truck,dc_phoenix,dz_nm,-1.8,999999999
dc_phoenix_dz_nv,truck,dc_phoenix,dz_nv,-1.85,999999999
dc_phoenix_dz_ok,truck,dc_phoenix,dz_ok,-2.67,999999999
dc_phoenix_dz_or,truck,dc_phoenix,dz_or,-2.64,999999999
dc_phoenix_dz_tx,truck,dc_phoenix,dz_tx,-2.38,999999999
dc_phoenix_dz_ut,truck,dc_phoenix,dz_ut,-1.79,999999999
dc_phoenix_dz_wy,truck,dc_phoenix,dz_wy,-2.38,999999999
dc_jacksonville_dz_al,truck,dc_jacksonville,dz_al,-1.65,999999999
dc_jacksonville_dz_ar,truck,dc_jacksonville,dz_ar,-2.31,999999999
dc_jacksonville_dz_dc,truck,dc_jacksonville,dz_dc,-2.25,999999999
dc_jacksonville_dz_de,truck,dc_jacksonville,dz_de,-2.33,999999999
dc_jacksonville_dz_fl,truck,dc_jacksonville,dz_fl,-1.36,999999999
dc_jacksonville_dz_ga,truck,dc_jacksonville,dz_ga,-1.28,999999999
dc_jacksonville_dz_il,truck,dc_jacksonville,dz_il,-2.61,999999999
dc_jacksonville_dz_in,truck,dc_jacksonville,dz_in,-2.43,999999999
dc_jacksonville_dz_ky,truck,dc_jacksonville,dz_ky,-2.04,999999999
dc_jacksonville_dz_la,truck,dc_jacksonville,dz_la,-2.21,999999999
dc_jacksonville_dz_md,truck,dc_jacksonville,dz_md,-2.29,999999999
dc_jacksonville_dz_mo,truck,dc_jacksonville,dz_mo,-2.52,999999999
dc_jacksonville_dz_ms,truck,dc_jacksonville,dz_ms,-1.92,999999999
dc_jacksonville_dz_nc,truck,dc_jacksonville,dz_nc,-1.78,999999999
dc_jacksonville_dz_nj,truck,dc_jacksonville,dz_nj,-2.52,999999999
dc_jacksonville_dz_oh,truck,dc_jacksonville,dz_oh,-2.35,999999999
dc_jacksonville_dz_pa,truck,dc_jacksonville,dz_pa,-2.53,999999999
dc_jacksonville_dz_sc,truck,dc_jacksonville,dz_sc,-1.47,999999999
dc_jacksonville_dz_tn,truck,dc_jacksonville,dz_tn,-1.89,999999999
dc_jacksonville_dz_va,truck,dc_jacksonville,dz_va,-2.0,999999999
dc_jacksonville_dz_wv,truck,dc_jacksonville,dz_wv,-2.11,999999999
dc_orlando_dz_al,truck,dc_orlando,dz_al,-1.81,999999999
dc_orlando_dz_ar,truck,dc_orlando,dz_ar,-2.48,999999999
dc_orlando_dz_dc,truck,dc_orlando,dz_dc,-2.46,999999999
dc_orlando_dz_de,truck,dc_orlando,dz_de,-2.53,999999999
dc_orlando_dz_fl,truck,dc_orlando,dz_fl,-1.12,999999999
dc_orlando_dz_ga,truck,dc_orlando,dz_ga,-1.51,999999999
dc_orlando_dz_in,truck,dc_orlando,dz_in,-2.66,999999999
dc_orlando_dz_ky,truck,dc_orlando,dz_ky,-2.28,999999999
dc_orlando_dz_la,truck,dc_orlando,dz_la,-2.3,999999999
dc_orlando_dz_md,truck,dc_orlando,dz_md,-2.49,999999999
dc_orlando_dz_ms,truck,dc_orlando,dz_ms,-2.05,999999999
dc_orlando_dz_nc,truck,dc_orlando,dz_nc,-2.0,999999999
dc_orlando_dz_oh,truck,dc_orlando,dz_oh,-2.59,999999999
dc_orlando_dz_sc,truck,dc_orlando,dz_sc,-1.7,999999999
dc_orlando_dz_tn,truck,dc_orlando,dz_tn,-2.1,999999999
dc_orlando_dz_va,truck,dc_orlando,dz_va,-2.22,999999999
dc_orlando_dz_wv,truck,dc_orlando,dz_wv,-2.34,999999999
dc_albany_dz_ct,truck,dc_albany,dz_ct,-1.16,999999999
dc_albany_dz_dc,truck,dc_albany,dz_dc,-1.6,999999999
dc_albany_dz_de,truck,dc_albany,dz_de,-1.53,999999999
dc_albany_dz_il,truck,dc_albany,dz_il,-2.58,999999999
dc_albany_dz_in,truck,dc_albany,dz_in,-2.21,999999999
dc_albany_dz_ky,truck,dc_albany,dz_ky,-2.24,999999999
dc_albany_dz_ma,truck,dc_albany,dz_ma,-1.24,999999999
dc_albany_dz_md,truck,dc_albany,dz_md,-1.56,999999999
dc_albany_dz_me,truck,dc_albany,dz_me,-1.54,999999999
dc_albany_dz_mi,truck,dc_albany,dz_mi,-2.16,999999999
dc_albany_dz_nc,truck,dc_albany,dz_nc,-2.07,999999999
dc_albany_dz_nh,truck,dc_albany,dz_nh,-1.23,999999999
dc_albany_dz_nj,truck,dc_albany,dz_nj,-1.35,999999999
dc_albany_dz_ny,truck,dc_albany,dz_ny,-1.09,999999999
dc_albany_dz_oh,truck,dc_albany,dz_oh,-1.96,999999999
dc_albany_dz_pa,truck,dc_albany,dz_pa,-1.39,999999999
dc_albany_dz_ri,truck,dc_albany,dz_ri,-1.27,999999999
dc_albany_dz_sc,truck,dc_albany,dz_sc,-2.41,999999999
dc_albany_dz_tn,truck,dc_albany,dz_tn,-2.63,999999999
dc_albany_dz_va,truck,dc_albany,dz_va,-1.86,999999999
dc_albany_dz_vt,truck,dc_albany,dz_vt,-1.28,999999999
dc_albany_dz_wi,truck,dc_albany,dz_wi,-2.46,999999999
dc_albany_dz_wv,truck,dc_albany,dz_wv,-1.87,999999999
dc_pittsburgh_dz_al,truck,dc_pittsburgh,dz_al,-2.31,999999999
dc_pittsburgh_dz_ar,truck,dc_pittsburgh,dz_ar,-2.43,999999999
dc_pittsburgh_dz_ct,truck,dc_pittsburgh,dz_ct,-1.71,999999999
dc_pittsburgh_dz_dc,truck,dc_pittsburgh,dz_dc,-1.37,999999999
dc_pittsburgh_dz_de,truck,dc_pittsburgh,dz_de,-1.5,999999999
dc_pittsburgh_dz_ga,truck,dc_pittsburgh,dz_ga,-2.15,999999999
dc_pittsburgh_dz_ia,truck,dc_pittsburgh,dz_ia,-2.33,999999999
dc_pittsburgh_dz_il,truck,dc_pittsburgh,dz_il,-1.95,999999999
dc_pittsburgh_dz_in,truck,dc_pittsburgh,dz_in,-1.57,999999999
dc_pittsburgh_dz_ky,truck,dc_pittsburgh,dz_ky,-1.56,999999999
dc_pittsburgh_dz_ma,truck,dc_pittsburgh,dz_ma,-1.9,999999999
dc_pittsburgh_dz_md,truck,dc_pittsburgh,dz_md,-1.39,999999999
dc_pittsburgh_dz_me,truck,dc_pittsburgh,dz_me,-2.21,999999999
dc_pittsburgh_dz_mi,truck,dc_pittsburgh,dz_mi,-1.76,999999999
dc_pittsburgh_dz_mn,truck,dc_pittsburgh,dz_mn,-2.65,999999999
dc_pittsburgh_dz_mo,truck,dc_pittsburgh,dz_mo,-2.27,999999999
dc_pittsburgh_dz_ms,truck,dc_pittsburgh,dz_ms,-2.48,999999999
dc_pittsburgh_dz_nc,truck,dc_pittsburgh,dz_nc,-1.63,999999999
dc_pittsburgh_dz_nh,truck,dc_pittsburgh,dz_nh,-1.91,999999999
dc_pittsburgh_dz_nj,truck,dc_pittsburgh,dz_nj,-1.57,999999999
dc_pittsburgh_dz_ny,truck,dc_pittsburgh,dz_ny,-1.69,999999999
dc_pittsburgh_dz_oh,truck,dc_pittsburgh,dz_oh,-1.3,999999999
dc_pittsburgh_dz_pa,truck,dc_pittsburgh,dz_pa,-1.3,999999999
dc_pittsburgh_dz_ri,truck,dc_pittsburgh,dz_ri,-1.87,999999999
dc_pittsburgh_dz_sc,truck,dc_pittsburgh,dz_sc,-1.89,999999999
dc_pittsburgh_dz_tn,truck,dc_pittsburgh,dz_tn,-1.95,999999999
dc_pittsburgh_dz_va,truck,dc_pittsburgh,dz_va,-1.43,999999999
dc_pittsburgh_dz_vt,truck,dc_pittsburgh,dz_vt,-1.91,999999999
dc_pittsburgh_dz_wi,truck,dc_pittsburgh,dz_wi,-1.98,999999999
dc_pittsburgh_dz_wv,truck,dc_pittsburgh,dz_wv,-1.25,999999999
dc_charleston_dz_al,truck,dc_charleston,dz_al,-1.79,999999999
dc_charleston_dz_ar,truck,dc_charleston,dz_ar,-2.35,999999999
dc_charleston_dz_ct,truck,dc_charleston,dz_ct,-2.38,999999999
dc_charleston_dz_dc,truck,dc_charleston,dz_dc,-1.87,999999999
dc_charleston_dz_de,truck,dc_charleston,dz_de,-1.94,999999999
dc_charleston_dz_fl,truck,dc_charleston,dz_fl,-1.71,999999999
dc_charleston_dz_ga,truck,dc_charleston,dz_ga,-1.35,999999999
dc_charleston_dz_il,truck,dc_charleston,dz_il,-2.45,999999999
dc_charleston_dz_in,truck,dc_charleston,dz_in,-2.2,999999999
dc_charleston_dz_ky,truck,dc_charleston,dz_ky,-1.82,999999999
dc_charleston_dz_la,truck,dc_charleston,dz_la,-2.4,999999999
dc_charleston_dz_ma,truck,dc_charleston,dz_ma,-2.57,999999999
dc_charleston_dz_md,truck,dc_charleston,dz_md,-1.9,999999999
dc_charleston_dz_mi,truck,dc_charleston,dz_mi,-2.65,999999999
dc_charleston_dz_mo,truck,dc_charleston,dz_mo,-2.47,999999999
dc_charleston_dz_ms,truck,dc_charleston,dz_ms,-2.07,999999999
dc_charleston_dz_nc,truck,dc_charleston,dz_nc,-1.41,999999999
dc_charleston_dz_nh,truck,dc_charleston,dz_nh,-2.64,999999999
dc_charleston_dz_nj,truck,dc_charleston,dz_nj,-2.14,999999999
dc_charleston_dz_ny,truck,dc_charleston,dz_ny,-2.52,999999999
dc_charleston_dz_oh,truck,dc_charleston,dz_oh,-2.06,999999999
dc_charleston_dz_pa,truck,dc_charleston,dz_pa,-2.16,999999999
dc_charleston_dz_ri,truck,dc_charleston,dz_ri,-2.47,999999999
dc_charleston_dz_sc,truck,dc_charleston,dz_sc,-1.2,999999999
dc_charleston_dz_tn,truck,dc_charleston,dz_tn,-1.82,999999999
dc_charleston_dz_va,truck,dc_charleston,dz_va,-1.63,999999999
dc_charleston_dz_wv,truck,dc_charleston,dz_wv,-1.78,999999999
dc_houston_dz_al,truck,dc_houston,dz_al,-1.98,999999999
dc_houston_dz_ar,truck,dc_houston,dz_ar,-1.81,999999999
dc_houston_dz_fl,truck,dc_houston,dz_fl,-2.6,999999999
dc_houston_dz_ga,truck,dc_houston,dz_ga,-2.41,999999999
dc_houston_dz_ia,truck,dc_houston,dz_ia,-2.63,999999999
dc_houston_dz_il,truck,dc_houston,dz_il,-2.57,999999999
dc_houston_dz_ks,truck,dc_houston,dz_ks,-2.3,999999999
dc_houston_dz_ky,truck,dc_houston,dz_ky,-2.6,999999999
dc_houston_dz_la,truck,dc_houston,dz_la,-1.38,999999999
dc_houston_dz_mo,truck,dc_houston,dz_mo,-2.15,999999999
dc_houston_dz_ms,truck,dc_houston,dz_ms,-1.72,999999999
dc_houston_dz_ne,truck,dc_houston,dz_ne,-2.65,999999999
dc_houston_dz_nm,truck,dc_houston,dz_nm,-2.33,999999999
dc_houston_dz_ok,truck,dc_houston,dz_ok,-1.74,999999999
dc_houston_dz_sc,truck,dc_houston,dz_sc,-2.65,999999999
dc_houston_dz_tn,truck,dc_houston,dz_tn,-2.21,999999999
dc_houston_dz_tx,truck,dc_houston,dz_tx,-1.64,999999999
dc_denver_dz_ar,truck,dc_denver,dz_ar,-2.52,999999999
dc_denver_dz_az,truck,dc_denver,dz_az,-2.0,999999999
dc_denver_dz_ca,truck,dc_denver,dz_ca,-2.56,999999999
dc_denver_dz_co,truck,dc_denver,dz_co,-1.09,999999999
dc_denver_dz_ia,truck,dc_denver,dz_ia,-2.23,999999999
dc_denver_dz_id,truck,dc_denver,dz_id,-2.13,999999999
dc_denver_dz_il,truck,dc_denver,dz_il,-2.59,999999999
dc_denver_dz_ks,truck,dc_denver,dz_ks,-1.68,999999999
dc_denver_dz_mn,truck,dc_denver,dz_mn,-2.37,999999999
dc_denver_dz_mo,truck,dc_denver,dz_mo,-2.38,999999999
dc_denver_dz_mt,truck,dc_denver,dz_mt,-2.09,999999999
dc_denver_dz_nd,truck,dc_denver,dz_nd,-2.11,999999999
dc_denver_dz_ne,truck,dc_denver,dz_ne,-1.57,999999999
dc_denver_dz_nm,truck,dc_denver,dz_nm,-1.64,999999999
dc_denver_dz_nv,truck,dc_denver,dz_nv,-2.19,999999999
dc_denver_dz_ok,truck,dc_denver,dz_ok,-2.05,999999999
dc_denver_dz_or,truck,dc_denver,dz_or,-2.64,999999999
dc_denver_dz_sd,truck,dc_denver,dz_sd,-1.76,999999999
dc_denver_dz_tx,truck,dc_denver,dz_tx,-2.17,999999999
dc_denver_dz_ut,truck,dc_denver,dz_ut,-1.63,999999999
dc_denver_dz_wy,truck,dc_denver,dz_wy,-1.5,999999999
dc_louisville_dz_al,truck,dc_louisville,dz_al,-1.81,999999999
dc_louisville_dz_ar,truck,dc_louisville,dz_ar,-1.76,999999999
dc_louisville_dz_ct,truck,dc_louisville,dz_ct,-2.37,999999999
dc_louisville_dz_dc,truck,dc_louisville,dz_dc,-1.92,999999999
dc_louisville_dz_de,truck,dc_louisville,dz_de,-2.08,999999999
dc_louisville_dz_fl,truck,dc_louisville,dz_fl,-2.5,999999999
dc_louisville_dz_ga,truck,dc_louisville,dz_ga,-1.88,999999999
dc_louisville_dz_ia,truck,dc_louisville,dz_ia,-1.88,999999999
dc_louisville_dz_il,truck,dc_louisville,dz_il,-1.48,999999999
dc_louisville_dz_in,truck,dc_louisville,dz_in,-1.3,999999999
dc_louisville_dz_ks,truck,dc_louisville,dz_ks,-2.32,999999999
dc_louisville_dz_ky,truck,dc_louisville,dz_ky,-1.17,999999999
dc_louisville_dz_la,truck,dc_louisville,dz_la,-2.17,999999999
dc_louisville_dz_ma,truck,dc_louisville,dz_ma,-2.57,999999999
dc_louisville_dz_md,truck,dc_louisville,dz_md,-1.96,999999999
dc_louisville_dz_mi,truck,dc_louisville,dz_mi,-1.8,999999999
dc_louisville_dz_mn,truck,dc_louisville,dz_mn,-2.42,999999999
dc_louisville_dz_mo,truck,dc_louisville,dz_mo,-1.63,999999999
dc_louisville_dz_ms,truck,dc_louisville,dz_ms,-1.88,999999999
dc_louisville_dz_nc,truck,dc_louisville,dz_nc,-1.8,999999999
dc_louisville_dz_ne,truck,dc_louisville,dz_ne,-2.5,999999999
dc_louisville_dz_nh,truck,dc_louisville,dz_nh,-2.58,999999999
dc_louisville_dz_nj,truck,dc_louisville,dz_nj,-2.2,999999999
dc_louisville_dz_ny,truck,dc_louisville,dz_ny,-2.35,999999999
dc_louisville_dz_oh,truck,dc_louisville,dz_oh,-1.41,999999999
dc_louisville_dz_ok,truck,dc_louisville,dz_ok,-2.28,999999999
dc_louisville_dz_pa,truck,dc_louisville,dz_pa,-1.97,999999999
dc_louisville_dz_ri,truck,dc_louisville,dz_ri,-2.53,999999999
dc_louisville_dz_sc,truck,dc_louisville,dz_sc,-1.78,999999999
dc_louisville_dz_sd,truck,dc_louisville,dz_sd,-2.6,999999999
dc_louisville_dz_tn,truck,dc_louisville,dz_tn,-1.38,999999999
dc_louisville_dz_va,truck,dc_louisville,dz_va,-1.77,999999999
dc_louisville_dz_vt,truck,dc_louisville,dz_vt,-2.56,999999999
dc_louisville_dz_wi,truck,dc_louisville,dz_wi,-1.79,999999999
dc_louisville_dz_wv,truck,dc_louisville,dz_wv,-1.56,999999999
dc_lansing_dz_al,truck,dc_lansing,dz_al,-2.41,999999999
dc_lansing_dz_ar,truck,dc_lansing,dz_ar,-2.25,999999999
dc_lansing_dz_ct,truck,dc_lansing,dz_ct,-2.14,999999999
dc_lansing_dz_dc,truck,dc_lansing,dz_dc,-1.92,999999999
dc_lansing_dz_de,truck,dc_lansing,dz_de,-2.04,999999999
dc_lansing_dz_ga,truck,dc_lansing,dz_ga,-2.42,999999999
dc_lansing_dz_ia,truck,dc_lansing,dz_ia,-1.85,999999999
dc_lansing_dz_il,truck,dc_lansing,dz_il,-1.56,999999999
dc_lansing_dz_in,truck,dc_lansing,dz_in,-1.31,999999999
dc_lansing_dz_ks,truck,dc_lansing,dz_ks,-2.49,999999999
dc_lansing_dz_ky,truck,dc_lansing,dz_ky,-1.65,999999999
dc_lansing_dz_ma,truck,dc_lansing,dz_ma,-2.3,999999999
dc_lansing_dz_md,truck,dc_lansing,dz_md,-1.94,999999999
dc_lansing_dz_me,truck,dc_lansing,dz_me,-2.49,999999999
dc_lansing_dz_mi,truck,dc_lansing,dz_mi,-1.23,999999999
dc_lansing_dz_mn,truck,dc_lansing,dz_mn,-2.1,999999999
dc_lansing_dz_mo,truck,dc_lansing,dz_mo,-1.97,999999999
dc_lansing_dz_ms,truck,dc_lansing,dz_ms,-2.47,999999999
dc_lansing_dz_nc,truck,dc_lansing,dz_nc,-2.09,999999999
dc_lansing_dz_nd,truck,dc_lansing,dz_nd,-2.67,999999999
dc_lansing_dz_ne,truck,dc_lansing,dz_ne,-2.52,999999999
dc_lansing_dz_nh,truck,dc_lansing,dz_nh,-2.27,999999999
dc_lansing_dz_nj,truck,dc_lansing,dz_nj,-2.08,999999999
dc_lansing_dz_ny,truck,dc_lansing,dz_ny,-2.01,999999999
dc_lansing_dz_oh,truck,dc_lansing,dz_oh,-1.35,999999999
dc_lansing_dz_ok,truck,dc_lansing,dz_ok,-2.66,999999999
dc_lansing_dz_pa,truck,dc_lansing,dz_pa,-1.76,999999999
dc_lansing_dz_ri,truck,dc_lansing,dz_ri,-2.3,999999999
dc_lansing_dz_sc,truck,dc_lansing,dz_sc,-2.24,999999999
dc_lansing_dz_sd,truck,dc_lansing,dz_sd,-2.5,999999999
dc_lansing_dz_tn,truck,dc_lansing,dz_tn,-1.98,999999999
dc_lansing_dz_va,truck,dc_lansing,dz_va,-1.93,999999999
dc_lansing_dz_vt,truck,dc_lansing,dz_vt,-2.18,999999999
dc_lansing_dz_wi,truck,dc_lansing,dz_wi,-1.43,999999999
dc_lansing_dz_wv,truck,dc_lansing,dz_wv,-1.69,999999999
dc_las_vegas_dz_az,truck,dc_las_vegas,dz_az,-1.53,999999999
dc_las_vegas_dz_ca,truck,dc_las_vegas,dz_ca,-1.46,999999999
dc_las_vegas_dz_co,truck,dc_las_vegas,dz_co,-2.08,999999999
dc_las_vegas_dz_id,truck,dc_las_vegas,dz_id,-2.06,999999999
dc_las_vegas_dz_mt,truck,dc_las_vegas,dz_mt,-2.51,999999999
dc_las_vegas_dz_nm,truck,dc_las_vegas,dz_nm,-2.11,999999999
dc_las_vegas_dz_nv,truck,dc_las_vegas,dz_nv,-1.38,999999999
dc_las_vegas_dz_or,truck,dc_las_vegas,dz_or,-2.16,999999999
dc_las_vegas_dz_ut,truck,dc_las_vegas,dz_ut,-1.6,999999999
dc_las_vegas_dz_wa,truck,dc_las_vegas,dz_wa,-2.64,999999999
dc_las_vegas_dz_wy,truck,dc_las_vegas,dz_wy,-2.22,999999999
